COD_REG,Arquivo,PRECIPITAÇÃO NORMALIZADA,TEMP MAX NORMALIZADA,TEMP MIN NORMALIZADA,UMIDADE MAX NORMALIZADA,UMIDADE MIN NORMALIZADA
1,1-2019-BRAZLANDIA.csv,0.4383921467104293,0.3898776629693247,0.3729053045122449,0.030528904750884107,0.0287486602814552
10,10-2019-MACAE.csv,0.44670673283511064,0.7881996719170757,0.7958375157582795,0.817093048985576,0.8414472307542695
11,11-2019-ARRAIALDOCABO.csv,0.21775884119928343,0.8580705029321004,0.9590612123507929,0.8635293310592952,0.9339674906519225
2,2-2019-AGUAS EMENDADAS.csv,0.3781374798253241,0.24376618431747898,0.20263619495106952,0.25680317319471213,0.2354128999591167
3,3-2019-BRASILIA.csv,0.37574931471282874,0.2568255415658722,0.25602746206668703,0.1294102679414616,0.13205211589032118
4,4-2019-GAMA.csv,0.3224699497949727,0.43222261414641455,0.32572332405348087,0.16380013762498533,0.12025139355783344
5,5-2019-PARANOA.csv,0.29861353718344225,0.3695469371136378,0.3206934714495456,0.30575621775196654,0.2669667792515546
6,6-2019-CAMPOSDOSGOYTACAZES.csv,0.24504481307323334,0.9827922052985391,0.9446965919860101,0.5908807423507528,0.62210020049505
7,7-2019-ANGRADOSREIS.csv,0.8299177154182593,0.7439329690726522,0.7711364918877106,0.9550241056073167,0.9458831033465357
