COD_REG,Arquivo,PRECIPITAÇÃO NORMALIZADA,TEMP MAX NORMALIZADA,TEMP MIN NORMALIZADA,UMIDADE MAX NORMALIZADA,UMIDADE MIN NORMALIZADA
1,1-2023-BRAZLANDIA .csv,0.3661341523238916,0.4100611416179657,0.38321799067716933,0.020642815489902506,0.015140066475748969
10,10-2023-MACAE.csv,0.2416064171693651,0.7926623104702228,0.8099291258154275,0.8133158078025312,0.8471636131633823
11,11-2023-ARRAIALDOCABO.csv,0.0,0.7245367183934655,0.8444208183730069,0.7437251033730734,0.8203445125453052
2,2-2023-AGUAS EMENDADA.csv,0.1877519196285647,0.33884093552688604,0.2516532014749172,0.20703644970817103,0.17270937473174536
3,3-2023-BRASILIA.csv,0.21442968744311497,0.2655986087453753,0.2452837583855673,0.17666478841384808,0.1524219450641239
4,4-2023-GAMA.csv,0.3195758000577233,0.4950809552662324,0.36482864524324016,0.08982582954934124,0.04845041984334349
5,5-2023-PARANOA.csv,0.2532075969608193,0.4097322189453351,0.3632761061565774,0.2790999591977013,0.2516146373429014
6,6-2023-CAMPOSDOSGOYTACAZES.csv,0.1302537651609678,0.9428488042823163,0.9176374247360752,0.6423498608242489,0.6678993490523059
7,7-2023-ANGRADOSREIS.csv,0.703771757749721,0.6884242972799155,0.7291530111053017,0.869219021577829,0.8641554818230713
