COD_REG,Arquivo,PRECIPITAÇÃO NORMALIZADA,TEMP MAX NORMALIZADA,TEMP MIN NORMALIZADA,UMIDADE MAX NORMALIZADA,UMIDADE MIN NORMALIZADA
1,1-2021-BRAZLANDIA.csv,0.6232852546015631,0.15649016493190007,0.20015644269455737,0.0824997550097581,0.09281547220779657
2,2-2021-AGUAS EMENDADA .csv,0.3162105676295978,0.0,0.0,0.27806956236958763,0.26359699564382594
3,3-2021-BRASILIA.csv,0.6042230883365228,0.011068046043694166,0.05942573370271632,0.1956210186570984,0.18756668439751234
4,4-2021-GAMA.csv,0.31490496834501713,0.282473072758494,0.21283003348026716,0.10660108699612007,0.08202664901406351
5,5-2021-PARANOA.csv,0.452277411648415,0.15480777410733562,0.1555693042410981,0.32738276876512207,0.2967351242629128
6,6-2021-CAMPOSDOSGOYTACAZES.csv,0.19174460705037516,0.631468113086127,0.6468243177120352,0.6776523566673204,0.7051922520452546
7,7-2021-ANGRADOSREIS.csv,0.39368338224375804,0.6754075579650565,0.681659189127208,0.8420253769329891,0.8003689846498853
