COD_REG,Arquivo,PRECIPITAÇÃO NORMALIZADA,TEMP MAX NORMALIZADA,TEMP MIN NORMALIZADA,UMIDADE MAX NORMALIZADA,UMIDADE MIN NORMALIZADA
1,1-2021-BRAZLANDIA.csv,0.6723537685813649,0.15649016493190007,0.20015644269455737,0.0824997550097581,0.09281547220779657
10,10-2021-MACAE.csv,0.36504554446641757,0.5831128888761143,0.6231187575180266,0.8597027166358513,0.8878647978824332
11,11-2021-ARRAIALDOCABO.csv,0.1858184436291016,0.4955116064214776,0.6531557356665821,0.7820966017233844,0.768828213496862
2,2-2021-AGUAS EMENDADA .csv,0.40527671577312363,0.0,0.0,0.27806956236958763,0.26359699564382594
3,3-2021-BRASILIA.csv,0.6557745212444704,0.011068046043694166,0.05942573370271632,0.1956210186570984,0.18756668439751234
4,4-2021-GAMA.csv,0.40414117571115105,0.282473072758494,0.21283003348026716,0.10660108699612007,0.08202664901406351
5,5-2021-PARANOA.csv,0.5236203410449198,0.15480777410733562,0.1555693042410981,0.32738276876512207,0.2967351242629128
6,6-2021-CAMPOSDOSGOYTACAZES.csv,0.29702291519372137,0.631468113086127,0.6468243177120352,0.6776523566673204,0.7051922520452546
7,7-2021-ANGRADOSREIS.csv,0.47265840458617187,0.6754075579650565,0.681659189127208,0.8420253769329891,0.8003689846498853
