COD_REG,Arquivo,PRECIPITAÇÃO NORMALIZADA,TEMP MAX NORMALIZADA,TEMP MIN NORMALIZADA,UMIDADE MAX NORMALIZADA,UMIDADE MIN NORMALIZADA
1,1-2019-BRAZLANDIA.csv,0.3542853871698451,0.3898776629693247,0.3729053045122449,0.030528904750884107,0.0287486602814552
2,2-2019-AGUAS EMENDADAS.csv,0.28500694195041065,0.24376618431747898,0.20263619495106952,0.25680317319471213,0.2354128999591167
3,3-2019-BRASILIA.csv,0.28226112366821093,0.2568255415658722,0.25602746206668703,0.1294102679414616,0.13205211589032118
4,4-2019-GAMA.csv,0.22100260620223228,0.43222261414641455,0.32572332405348087,0.16380013762498533,0.12025139355783344
5,5-2019-PARANOA.csv,0.1935734416299411,0.3695469371136378,0.3206934714495456,0.30575621775196654,0.2669667792515546
6,6-2019-CAMPOSDOSGOYTACAZES.csv,0.13198223034964954,0.9827922052985391,0.9446965919860101,0.5908807423507528,0.62210020049505
7,7-2019-ANGRADOSREIS.csv,0.8044460812029631,0.7439329690726522,0.7711364918877106,0.9550241056073167,0.9458831033465357
