COD_REG,Arquivo,PRECIPITAÇÃO NORMALIZADA,TEMP MAX NORMALIZADA,TEMP MIN NORMALIZADA,UMIDADE MAX NORMALIZADA,UMIDADE MIN NORMALIZADA
1,1-2022-BRAZLANDIA.csv,0.13191210338590198,0.14308895923412032,0.18774073424166174,0.0,0.022066511572235808
2,2-2022-AGUAS EMENDADAS.csv,0.10322633522383291,0.012612776476006504,0.0016761674643107631,0.21660734390493766,0.1977402970681954
3,3-2022-BRASILIA.csv,0.11429226188358409,0.021866418390190455,0.06031487333177295,0.10082932361903388,0.11037499796744217
4,4-2022-GAMA.csv,0.11823931601596412,0.2735926832358939,0.21705070313501781,0.015334270484445961,0.0
5,5-2022-PARANOA.csv,0.056629684827118526,0.1061843664548086,0.12199587290942683,0.24856900070782614,0.23341323117957904
6,6-2022-CAMPOSDOSGOYTACAZES.csv,0.09427387268277614,0.6757010697806496,0.7259595024572675,0.6324458510464804,0.6595990470098351
7,7-2022-ANGRADOSREIS.csv,0.4160996470193702,0.3875392775989812,0.5180674241199866,0.9128337061535025,0.9055146801479811
8,8-2022-RIODEJANEIRO.csv,0.06693492216972988,0.5872101666667415,0.6847784462305515,0.5996493030097608,0.6507393176018095
9,9-2022-VALENCA.csv,0.18396645494064404,0.0034820533582416878,0.12357762716934358,0.7183858031692163,0.7296372333290227
