COD_REG,Arquivo,PRECIPITAÇÃO NORMALIZADA,TEMP MAX NORMALIZADA,TEMP MIN NORMALIZADA,UMIDADE MAX NORMALIZADA,UMIDADE MIN NORMALIZADA
1,1-2020-BRAZLANDIA.csv,0.6565279245309222,0.15581915830608623,0.2014300454309667,0.16759435234838208,0.1721187170221227
2,2-2020-AGUAS EMENDADAS.csv,0.39666866803857975,0.034084592868814254,0.04671239766701013,0.3833408671587844,0.3687315022812872
3,3-2020-BRASILIA.csv,0.38128546952298314,0.041794353235882105,0.10379271477896393,0.2551526428750603,0.26009907862749854
4,4-2020-GAMA.csv,0.5728408995271118,0.3177152793364907,0.2549614914196199,0.18511019342596666,0.15625709732495696
5,5-2020-PARANOA.csv,0.7010192269514851,0.12655718542300778,0.14966515534033045,0.4903123468245211,0.4518856252144085
6,6-2020-CAMPOSDOSGOYTACAZES.csv,0.24024142766429513,0.755283344824807,0.7674252098939759,0.6686082832267831,0.7026317534076142
7,7-2020-ANGRADOSREIS.csv,0.9965658848697413,1.0,1.0,1.0,1.0
