COD_REG,Arquivo,PRECIPITAÇÃO NORMALIZADA,TEMP MAX NORMALIZADA,TEMP MIN NORMALIZADA,UMIDADE MAX NORMALIZADA,UMIDADE MIN NORMALIZADA
1,1-2020-BRAZLANDIA.csv,0.2731810376556764,0.14316112608068862,0.19832561544263763,0.16759435234838208,0.1721187170221227
2,2-2020-AGUAS EMENDADAS.csv,0.16505369275449674,0.031315717207995364,0.04599246848348662,0.3833408671587844,0.3687315022812872
3,3-2020-BRASILIA.csv,0.1586527492821281,0.03839917207940179,0.10219306654555116,0.2551526428750603,0.26009907862749854
4,4-2020-GAMA.csv,0.23835889609148972,0.2919055503656635,0.2510320374092278,0.18511019342596666,0.15625709732495696
5,5-2020-PARANOA.csv,0.29169385288830474,0.11627626137711349,0.14735852330114102,0.4903123468245211,0.4518856252144085
6,6-2020-CAMPOSDOSGOYTACAZES.csv,0.09996437325054275,0.6939275974184557,0.7555976901697098,0.6686082832267831,0.7026317534076142
7,7-2020-ANGRADOSREIS.csv,0.4146707129258456,0.9187645963243328,0.9845880490088407,1.0,1.0
8,8-2020-RIODEJANEIRO.csv,0.09726786926136169,0.6363648965655792,0.7387708297770345,0.7089577988450144,0.7520216175283296
9,9-2020-VALENCA.csv,1.0,1.0,1.0,0.842465930644467,0.8480795495395345
